timestamp,machine_id,serial_no,type,air_temperature,process_temperature,rotational_speed,torque,tool_wear,machine_failure
2025-01-01 00:00:00,M0000,SN-000001,L,299.609434,308.340017,1504.234135,6.936472,0.0,0
2025-01-01 01:00:00,M0000,SN-000002,L,296.920032,306.215196,1420.70541,27.845147,21.061519,0
2025-01-01 02:00:00,M0000,SN-000003,L,300.500902,310.731695,1920.611717,50.505668,34.116318,1
2025-01-01 03:00:00,M0000,SN-000004,L,300.881129,309.290518,1932.748012,37.440082,24.625891,0
2025-01-01 04:00:00,M0000,SN-000005,L,295.09793,304.879681,2250.565889,23.735909,45.501156,0
2025-01-01 05:00:00,M0000,SN-000006,L,296.395641,304.996883,2184.992878,23.144688,70.864969,0
2025-01-01 06:00:00,M0000,SN-000007,L,299.255681,308.079368,1753.71997,22.191573,76.064633,0
2025-01-01 07:00:00,M0000,SN-000008,L,298.367515,308.611793,1364.527942,18.012259,85.562104,0
2025-01-01 08:00:00,M0000,SN-000009,L,298.966398,304.976807,1688.312691,85.0,94.258522,1
2025-01-01 09:00:00,M0000,SN-000010,L,297.293912,304.349204,1876.030918,47.437777,104.929593,0
2025-01-01 10:00:00,M0000,SN-000011,L,300.758796,,1729.270864,62.168976,122.305753,0
2025-01-01 11:00:00,M0000,SN-000012,L,300.555584,306.05516,1597.737062,27.773063,129.981007,0
2025-01-01 12:00:00,M0000,SN-000013,L,299.132061,307.114665,1888.509685,35.351083,143.659371,0
2025-01-01 13:00:00,M0000,SN-000014,L,301.254482,311.378633,1623.614791,22.16115,156.62879,0
2025-01-01 14:00:00,M0000,SN-000015,L,299.935019,308.507693,1580.176871,5.0,162.575428,0
2025-01-01 15:00:00,M0000,SN-000016,L,297.281415,306.5781,1909.008492,5.549768,184.257035,0
2025-01-01 16:00:00,M0000,SN-000017,L,299.737502,310.371328,1659.302597,5.0,215.313957,0
2025-01-01 17:00:00,M0000,SN-000018,L,297.082235,308.073764,1885.436536,5.0,189.784107,0
2025-01-01 18:00:00,M0000,SN-000019,L,300.756901,309.653194,1895.621408,10.116026,218.5921,0
2025-01-01 19:00:00,M0000,SN-000020,L,298.900148,309.930527,1401.19985,73.123892,221.918479,1
2025-01-01 20:00:00,M0001,SN-000021,M,298.630275,307.768465,2200.0,38.889096,4.619221,0
2025-01-01 21:00:00,M0001,SN-000022,M,297.638141,305.382044,2200.0,72.264094,12.37246,0
2025-01-01 22:00:00,M0001,SN-000023,M,301.445083,309.553482,2200.0,50.274564,30.094838,1
2025-01-01 23:00:00,M0001,SN-000024,M,298.690941,305.470136,2200.0,59.563971,45.404053,0
2025-01-02 00:00:00,M0001,SN-000025,M,298.143344,305.811144,2200.0,17.477575,49.539369,0
2025-01-02 01:00:00,M0001,SN-000026,M,298.295733,306.758708,2200.0,53.098774,69.056418,0
2025-01-02 02:00:00,M0001,SN-000027,M,300.064618,310.269996,2200.0,58.217856,53.245617,1
2025-01-02 03:00:00,M0001,SN-000028,M,299.730888,311.312043,2200.0,25.583818,96.723618,0
2025-01-02 04:00:00,M0001,SN-000029,M,299.825465,306.752193,2200.0,53.988509,99.000497,1
2025-01-02 05:00:00,M0001,SN-000030,M,299.861642,309.450883,2200.0,54.154694,116.622747,0
2025-01-02 06:00:00,M0001,SN-000031,M,303.283295,310.722479,2200.0,26.261184,110.240994,1
2025-01-02 07:00:00,M0001,SN-000032,M,298.18717,307.899216,2200.0,11.930789,125.353841,0
2025-01-02 08:00:00,M0001,SN-000033,M,297.975515,306.778885,2200.0,10.396792,145.167506,0
2025-01-02 09:00:00,M0001,SN-000034,M,297.372455,303.626096,2200.0,42.162639,155.863697,0
2025-01-02 10:00:00,M0001,SN-000035,M,300.231959,310.624404,2200.0,48.175247,170.264549,1
2025-01-02 11:00:00,M0001,SN-000036,M,301.257945,309.350444,2200.0,20.186854,188.676121,1
2025-01-02 12:00:00,M0001,SN-000037,M,298.772105,306.971255,2200.0,40.664634,177.878237,0
2025-01-02 13:00:00,M0001,SN-000038,M,297.319687,304.715058,2200.0,54.263426,211.790553,1
2025-01-02 14:00:00,M0001,SN-000039,M,297.351038,305.369613,2200.0,55.454768,216.066255,0
2025-01-02 15:00:00,M0001,SN-000040,M,300.301186,309.943021,2200.0,78.797003,226.369745,1
2025-01-02 16:00:00,M0002,SN-000041,H,300.486508,309.202642,2466.771075,250.0,0.0,1
2025-01-02 17:00:00,M0002,SN-000042,H,300.086309,309.579302,1812.451767,250.0,16.024389,1
2025-01-02 18:00:00,M0002,SN-000043,H,297.668981,307.211863,2413.791859,82.089655,4.687137,1
2025-01-02 19:00:00,M0002,SN-000044,H,299.464323,310.445315,1767.345473,26.725587,41.187152,0
2025-01-02 20:00:00,M0002,SN-000045,H,299.233372,307.719192,1845.870239,66.12182,36.063153,0
2025-01-02 21:00:00,M0002,SN-000046,H,299.437377,306.22209,1927.916065,41.699666,60.427663,0
2025-01-02 22:00:00,M0002,SN-000047,H,300.742858,311.343691,2900.0,29.696266,71.046649,1
2025-01-02 23:00:00,M0002,SN-000048,H,299.447191,307.949959,2097.949951,5.0,93.356305,0
2025-01-03 00:00:00,M0002,SN-000049,H,300.357827,311.029716,1552.457415,35.710887,94.570759,0
2025-01-03 01:00:00,M0002,SN-000050,H,299.135158,308.710224,2139.149255,5.0,102.446892,0
2025-01-03 02:00:00,M0002,SN-000051,H,299.578239,308.381533,1673.358612,64.182481,115.947178,0
2025-01-03 03:00:00,M0002,SN-000052,H,300.262576,309.78574,1628.587436,77.919816,142.183062,0
2025-01-03 04:00:00,M0002,SN-000053,H,296.085688,308.012207,2118.010476,20.077225,148.290376,0
2025-01-03 05:00:00,M0002,SN-000054,H,298.360658,310.476128,1810.879956,47.549269,152.91496,1
2025-01-03 06:00:00,M0002,SN-000055,H,298.059255,307.163326,1897.50157,21.865212,166.108429,0
2025-01-03 07:00:00,M0002,SN-000056,H,297.722244,306.96253,1804.894828,24.287882,167.462583,0
2025-01-03 08:00:00,M0002,SN-000057,H,298.449715,309.064076,1917.804094,59.362368,195.107794,0
2025-01-03 09:00:00,M0002,SN-000058,H,301.989883,309.721391,1948.738064,39.036543,189.921474,0
2025-01-03 10:00:00,M0002,SN-000059,H,297.268338,306.767943,1200.0,83.491201,222.014372,0
2025-01-03 11:00:00,M0002,SN-000060,H,300.936557,309.897762,2033.300434,27.944188,229.028973,0
2025-01-03 12:00:00,M0003,SN-000061,L,295.63426,305.105123,1456.293203,64.983408,19.095614,0
2025-01-03 13:00:00,M0003,SN-000062,L,298.33023,306.080177,1295.195303,42.435335,3.198916,0
2025-01-03 14:00:00,M0003,SN-000063,L,299.325506,305.941155,1779.556065,59.89445,23.178703,0
2025-01-03 15:00:00,M0003,SN-000064,L,300.172445,306.06297,1829.393351,28.821059,50.386302,0
2025-01-03 16:00:00,M0003,SN-000065,L,300.422453,307.746377,1557.272842,38.761029,57.531117,0
2025-01-03 17:00:00,M0003,SN-000066,L,300.586694,308.898682,2090.86115,37.112528,54.430304,0
2025-01-03 18:00:00,M0003,SN-000067,L,298.30255,306.862762,1330.238692,19.098572,73.791739,0
2025-01-03 19:00:00,M0003,SN-000068,L,298.075296,309.981143,1657.569688,56.552038,84.015995,0
2025-01-03 20:00:00,M0003,SN-000069,L,300.715952,311.374942,1595.294053,56.256225,98.255647,0
2025-01-03 21:00:00,M0003,SN-000070,L,298.617391,306.174255,1783.694455,54.838867,102.410557,0
2025-01-03 22:00:00,M0003,SN-000071,L,296.448627,305.97019,1897.6025,78.424141,119.285437,0
2025-01-03 23:00:00,M0003,SN-000072,L,296.733426,305.122808,1447.237468,76.23362,119.215581,0
2025-01-04 00:00:00,M0003,SN-000073,L,297.161095,305.73455,2053.498937,30.626383,145.080988,0
2025-01-04 01:00:00,M0003,SN-000074,L,299.994321,309.27231,1822.050829,49.326308,159.600165,0
2025-01-04 02:00:00,M0003,SN-000075,L,299.284851,309.213608,1200.0,24.409983,166.180645,0
2025-01-04 03:00:00,M0003,SN-000076,L,300.380971,,1200.0,40.583883,167.079593,0
2025-01-04 04:00:00,M0003,SN-000077,L,298.145495,308.741272,1795.688247,25.006264,199.908255,0
2025-01-04 05:00:00,M0003,SN-000078,L,299.317079,306.604172,1722.661439,80.501758,206.9162,0
2025-01-04 06:00:00,M0003,SN-000079,L,300.251181,309.260689,1763.80296,49.092454,210.191879,0
2025-01-04 07:00:00,M0003,SN-000080,L,298.381307,311.277818,1790.20614,34.549272,225.755196,0
2025-01-04 08:00:00,M0004,SN-000081,M,299.91355,309.24817,1878.945944,69.840464,0.0,1
2025-01-04 09:00:00,M0004,SN-000082,M,297.676148,308.82597,2131.677363,5.0,3.796719,0
2025-01-04 10:00:00,M0004,SN-000083,M,298.273892,307.411173,1411.113285,5.0,19.697509,0
2025-01-04 11:00:00,M0004,SN-000084,M,298.236524,308.10769,1389.809942,59.895966,45.827366,0
2025-01-04 12:00:00,M0004,SN-000085,M,296.608321,305.523146,1417.33665,41.511711,42.883973,0
2025-01-04 13:00:00,M0004,SN-000086,M,299.973945,308.718334,1901.120834,46.261158,65.121709,0
2025-01-04 14:00:00,M0004,SN-000087,M,298.061195,305.891972,2235.731583,6.840097,67.69347,0
2025-01-04 15:00:00,M0004,SN-000088,M,299.024988,308.67044,1649.031197,39.419157,85.98358,0
2025-01-04 16:00:00,M0004,SN-000089,M,299.961493,307.684188,1200.0,85.0,94.868836,0
2025-01-04 17:00:00,M0004,SN-000090,M,299.893062,309.89144,1203.602498,60.60499,114.984453,1
2025-01-04 18:00:00,M0004,SN-000091,M,300.33077,310.958701,1508.437147,44.242664,115.721509,0
2025-01-04 19:00:00,M0004,SN-000092,M,298.803029,308.352826,1604.794889,29.023652,119.419774,0
2025-01-04 20:00:00,M0004,SN-000093,M,298.153403,306.72403,1657.06398,30.135679,132.944408,0
2025-01-04 21:00:00,M0004,SN-000094,M,298.840564,308.521512,1813.503393,5.0,151.74498,0
2025-01-04 22:00:00,M0004,SN-000095,M,295.625331,304.162322,1690.888784,46.441011,158.00752,0
2025-01-04 23:00:00,M0004,SN-000096,M,296.105775,306.509096,2167.268864,61.137078,183.281696,1
2025-01-05 00:00:00,M0004,SN-000097,M,296.354601,302.607492,1563.393943,5.0,188.273855,0
2025-01-05 01:00:00,M0004,SN-000098,M,297.005506,305.502095,1498.188714,23.464578,222.996852,0
2025-01-05 02:00:00,M0004,SN-000099,M,299.799548,305.81333,1967.606438,11.063384,202.098283,0
2025-01-05 03:00:00,M0004,SN-000100,M,297.189042,303.946451,1262.525276,15.86622,229.629065,0
2025-01-05 04:00:00,M0005,SN-000101,H,298.243675,309.289468,1936.392097,41.337041,0.0,0
2025-01-05 05:00:00,M0005,SN-000102,H,301.598457,311.941234,1835.893614,5.0,8.052789,0
2025-01-05 06:00:00,M0005,SN-000103,H,298.287472,306.208252,1748.395129,55.356761,25.131356,0
2025-01-05 07:00:00,M0005,SN-000104,H,300.475031,307.221276,2355.896638,58.846377,17.397029,1
2025-01-05 08:00:00,M0005,SN-000105,H,297.132765,301.685971,1582.227394,33.722435,49.894609,0
2025-01-05 09:00:00,M0005,SN-000106,H,298.589125,306.773882,2521.10436,5.0,75.22326,0
2025-01-05 10:00:00,M0005,SN-000107,H,297.099956,309.730578,1721.098993,15.089534,68.372494,0
2025-01-05 11:00:00,M0005,SN-000108,H,298.321934,307.97426,1353.044244,70.822548,86.078463,0
2025-01-05 12:00:00,M0005,SN-000109,H,300.680616,308.841258,1824.471853,5.0,104.199374,0
2025-01-05 13:00:00,M0005,SN-000110,H,295.545359,305.242979,1423.31418,31.311915,106.688372,0
2025-01-05 14:00:00,M0005,SN-000111,H,299.868847,306.52741,1536.885453,10.499981,115.352318,0
2025-01-05 15:00:00,M0005,SN-000112,H,299.475471,308.029486,1938.961655,60.114258,113.794109,1
2025-01-05 16:00:00,M0005,SN-000113,H,297.8117,306.960916,1994.453731,23.122151,149.127926,0
2025-01-05 17:00:00,M0005,SN-000114,H,296.107884,304.978733,1582.241305,50.098851,155.094653,0
2025-01-05 18:00:00,M0005,SN-000115,H,299.144259,309.330468,2145.591801,54.13651,,1
2025-01-05 19:00:00,M0005,SN-000116,H,297.941015,307.457982,2205.127715,85.0,181.012774,1
2025-01-05 20:00:00,M0005,SN-000117,H,299.465352,309.467841,2302.705615,34.926451,187.330557,1
2025-01-05 21:00:00,M0005,SN-000118,H,299.043704,307.011146,1985.294692,49.401109,199.772591,0
2025-01-05 22:00:00,M0005,SN-000119,H,302.203558,312.550281,2277.200049,5.0,220.850329,1
2025-01-05 23:00:00,M0005,SN-000120,H,298.521289,309.964694,1200.0,69.760339,217.292941,1
2025-01-06 00:00:00,M0006,SN-000121,L,296.953005,304.497781,1688.732708,20.987279,8.378522,0
2025-01-06 01:00:00,M0006,SN-000122,L,299.358551,307.027008,1496.54816,25.981146,0.818511,0
2025-01-06 02:00:00,M0006,SN-000123,L,299.439993,310.44367,1841.729051,39.443805,18.698389,0
2025-01-06 03:00:00,M0006,SN-000124,L,301.718375,310.431359,1599.992773,5.0,51.38357,0
2025-01-06 04:00:00,M0006,SN-000125,L,300.670222,311.775955,1741.844755,45.719251,57.018838,0
2025-01-06 05:00:00,M0006,SN-000126,L,299.713742,308.049939,2458.761208,64.186657,60.780832,1
2025-01-06 06:00:00,M0006,SN-000127,L,301.926606,313.109174,1740.598071,47.323346,64.475758,1
2025-01-06 07:00:00,M0006,SN-000128,L,296.622474,305.819703,1944.827311,5.0,79.765822,0
2025-01-06 08:00:00,M0006,SN-000129,L,297.720497,307.10784,1718.705735,36.904768,96.586203,0
2025-01-06 09:00:00,M0006,SN-000130,L,297.146848,308.493925,1826.499651,58.550723,108.300186,0
2025-01-06 10:00:00,M0006,SN-000131,L,298.22038,306.677725,1802.105838,5.0,119.273033,0
2025-01-06 11:00:00,M0006,SN-000132,L,296.246628,303.834945,1956.913423,13.13085,131.75334,0
2025-01-06 12:00:00,M0006,SN-000133,L,300.270302,308.597456,2207.857637,61.91359,142.284999,1
2025-01-06 13:00:00,M0006,SN-000134,L,298.555555,308.234056,2376.587899,46.752386,144.46417,1
2025-01-06 14:00:00,M0006,SN-000135,L,296.058387,302.709749,1908.367029,50.29929,163.867914,0
2025-01-06 15:00:00,M0006,SN-000136,L,296.968842,306.925048,2006.34141,85.0,187.316992,0
2025-01-06 16:00:00,M0006,SN-000137,L,299.627028,307.818871,1397.197422,51.713819,181.053326,0
2025-01-06 17:00:00,M0006,SN-000138,L,300.676253,311.397972,1769.24314,56.4472,202.483556,1
2025-01-06 18:00:00,M0006,SN-000139,L,,308.402071,2129.101313,85.0,209.441969,1
2025-01-06 19:00:00,M0006,SN-000140,L,304.827725,312.647876,2103.089023,34.654886,228.890803,1
2025-01-06 20:00:00,M0007,SN-000141,M,299.828819,306.299117,1874.063406,20.052931,0.0,0
2025-01-06 21:00:00,M0007,SN-000142,M,297.020924,304.78158,2110.237886,50.69491,23.819149,0
2025-01-06 22:00:00,M0007,SN-000143,M,294.735907,304.107406,1971.768348,50.974776,28.052665,1
2025-01-06 23:00:00,M0007,SN-000144,M,299.535423,308.266583,2220.10719,26.832115,25.505575,0
2025-01-07 00:00:00,M0007,SN-000145,M,297.374118,305.994051,1901.275705,14.190075,53.369824,0
2025-01-07 01:00:00,M0007,SN-000146,M,298.169285,306.930508,1675.50559,85.0,53.802785,0
2025-01-07 02:00:00,M0007,SN-000147,M,297.775806,307.080889,1917.54444,48.171087,67.384029,0
2025-01-07 03:00:00,M0007,SN-000148,M,298.718418,306.205614,1200.0,21.692865,86.510552,0
2025-01-07 04:00:00,M0007,SN-000149,M,301.13196,311.192235,1934.010008,62.898258,92.066021,1
2025-01-07 05:00:00,M0007,SN-000150,M,299.314097,309.308096,1200.0,37.271371,115.142847,0
2025-01-07 06:00:00,M0007,SN-000151,M,298.68273,308.260287,1200.0,33.677964,113.80392,0
2025-01-07 07:00:00,M0007,SN-000152,M,296.928692,306.763493,1958.11901,54.056822,127.048428,0
2025-01-07 08:00:00,M0007,SN-000153,M,295.650634,305.095261,1967.135268,7.702943,138.749033,0
2025-01-07 09:00:00,M0007,SN-000154,M,298.027384,310.079994,1393.149927,48.81568,151.47489,0
2025-01-07 10:00:00,M0007,SN-000155,M,298.892435,307.761794,1550.764285,85.0,176.793532,0
2025-01-07 11:00:00,M0007,SN-000156,M,302.53586,311.075235,2279.689346,51.654442,185.03037,1
2025-01-07 12:00:00,M0007,SN-000157,M,299.260549,307.130258,1630.589454,30.594697,205.679552,0
2025-01-07 13:00:00,M0007,SN-000158,M,300.965479,308.417085,2585.022109,27.322368,222.141154,0
2025-01-07 14:00:00,M0007,SN-000159,M,298.001409,305.134701,1799.328051,29.741501,207.754264,0
2025-01-07 15:00:00,M0007,SN-000160,M,296.630112,304.296916,1942.812662,33.650933,228.563353,0
2025-01-07 16:00:00,M0008,SN-000161,H,297.069766,305.963746,2365.906039,30.554837,0.0,0
2025-01-07 17:00:00,M0008,SN-000162,H,297.549548,307.050991,1845.859491,62.907786,5.779153,0
2025-01-07 18:00:00,M0008,SN-000163,H,303.256939,312.333653,1449.179607,5.0,18.95934,0
2025-01-07 19:00:00,M0008,SN-000164,H,297.357227,305.208924,1761.595392,61.550001,27.542761,0
2025-01-07 20:00:00,M0008,SN-000165,H,300.676978,311.027255,1787.536242,30.507837,39.584902,0
2025-01-07 21:00:00,M0008,SN-000166,H,297.194146,307.303265,1322.340422,49.423695,58.845725,0
2025-01-07 22:00:00,M0008,SN-000167,H,300.863146,309.623674,1710.458775,11.825302,62.266253,1
2025-01-07 23:00:00,M0008,SN-000168,H,299.769902,307.790528,1540.232767,73.215777,90.737016,0
2025-01-08 00:00:00,M0008,SN-000169,H,298.686724,308.509366,2123.525215,71.140874,88.657972,0
2025-01-08 01:00:00,M0008,SN-000170,H,298.918475,308.200435,1812.114156,63.989763,130.476552,0
2025-01-08 02:00:00,M0008,SN-000171,H,297.690425,304.518234,1701.021488,5.0,116.388924,0
2025-01-08 03:00:00,M0008,SN-000172,H,299.892144,308.790174,1762.836324,60.728027,132.576141,0
2025-01-08 04:00:00,M0008,SN-000173,H,298.090033,307.483087,1878.092706,50.121377,133.637271,0
2025-01-08 05:00:00,M0008,SN-000174,H,296.548788,304.199246,2015.88497,5.0,169.648734,0
2025-01-08 06:00:00,M0008,SN-000175,H,296.444125,305.72889,1450.10072,39.392565,176.956005,0
2025-01-08 07:00:00,M0008,SN-000176,H,299.345176,306.162942,1435.444329,49.113362,182.375327,0
2025-01-08 08:00:00,M0008,SN-000177,H,302.158183,313.162462,2186.637725,53.901882,181.22558,1
2025-01-08 09:00:00,M0008,SN-000178,H,299.319983,310.191908,1655.682095,44.431534,205.685335,0
2025-01-08 10:00:00,M0008,SN-000179,H,298.762723,307.383947,1304.105268,47.280785,207.028552,0
2025-01-08 11:00:00,M0008,SN-000180,H,299.571652,309.116834,1955.334448,76.840285,239.698842,1
2025-01-08 12:00:00,M0009,SN-000181,L,301.612003,306.997121,1962.179432,70.650848,6.473558,1
2025-01-08 13:00:00,M0009,SN-000182,L,299.438765,306.704244,1264.24966,5.0,12.763512,0
2025-01-08 14:00:00,M0009,SN-000183,L,298.178146,306.737477,1880.3186,32.064036,4.508995,0
2025-01-08 15:00:00,M0009,SN-000184,L,301.212577,308.604378,2057.454082,35.883724,28.132672,0
2025-01-08 16:00:00,M0009,SN-000185,L,299.857513,309.929108,1931.035258,5.0,53.502089,0
2025-01-08 17:00:00,M0009,SN-000186,L,302.071512,314.067457,2021.193519,42.354576,69.70307,1
2025-01-08 18:00:00,M0009,SN-000187,L,299.366469,306.601547,1308.505816,71.218944,80.873358,0
2025-01-08 19:00:00,M0009,SN-000188,L,296.551062,304.294867,1915.864054,12.835804,71.263896,0
2025-01-08 20:00:00,M0009,SN-000189,L,296.263682,305.616854,1694.083084,48.410023,98.412418,0
2025-01-08 21:00:00,M0009,SN-000190,L,302.301856,313.71853,1631.023444,17.104413,116.124122,0
2025-01-08 22:00:00,M0009,SN-000191,L,302.447331,309.61377,2104.694463,23.202199,106.733315,1
2025-01-08 23:00:00,M0009,SN-000192,L,298.640962,308.014516,2317.746079,76.934841,131.936764,1
2025-01-09 00:00:00,M0009,SN-000193,L,298.233625,309.965574,2428.029519,26.436054,146.190739,0
2025-01-09 01:00:00,M0009,SN-000194,L,301.922889,308.44525,2260.182755,51.555312,153.593883,1
2025-01-09 02:00:00,M0009,SN-000195,L,296.785909,303.864305,1761.593036,5.0,153.182705,0
2025-01-09 03:00:00,M0009,SN-000196,L,297.210546,305.575136,1923.452057,85.0,177.394415,0
2025-01-09 04:00:00,M0009,SN-000197,L,300.286654,308.505771,2068.388005,55.066311,189.381557,0
2025-01-09 05:00:00,M0009,SN-000198,L,298.21079,308.429692,1842.412282,35.437504,202.815421,0
2025-01-09 06:00:00,M0009,SN-000199,L,298.989756,308.352246,1845.767466,54.388663,211.492229,0
2025-01-09 07:00:00,M0009,SN-000200,L,298.673114,305.010671,2088.313596,5.0,224.455903,0
2025-01-09 08:00:00,M0010,SN-000201,M,299.675149,309.448265,1779.251074,69.563269,0.0,0
2025-01-09 09:00:00,M0010,SN-000202,M,301.814964,309.948655,1544.749572,31.900381,15.539637,0
2025-01-09 10:00:00,M0010,SN-000203,M,299.18117,310.092841,1654.934427,34.898262,21.564586,0
2025-01-09 11:00:00,M0010,SN-000204,M,300.287878,308.346496,2021.868632,27.70861,32.722809,0
2025-01-09 12:00:00,M0010,SN-000205,M,294.899656,302.944733,1801.047652,25.483715,48.738832,0
2025-01-09 13:00:00,M0010,SN-000206,M,298.902563,308.714261,1919.073492,57.366765,44.632673,0
2025-01-09 14:00:00,M0010,SN-000207,M,297.313539,307.457929,2034.527735,46.397671,75.816281,0
2025-01-09 15:00:00,M0010,SN-000208,M,296.562374,306.234523,1668.805488,56.293704,83.995495,0
2025-01-09 16:00:00,M0010,SN-000209,M,297.243695,303.715299,2064.686857,39.780133,96.317548,0
2025-01-09 17:00:00,M0010,SN-000210,M,298.331753,308.138805,1932.594911,52.829995,115.685874,0
2025-01-09 18:00:00,M0010,SN-000211,M,300.831805,308.280343,1367.81542,29.528781,104.377476,0
2025-01-09 19:00:00,M0010,SN-000212,M,296.347215,305.700129,2304.806677,85.0,116.209329,1
2025-01-09 20:00:00,M0010,SN-000213,M,299.061263,305.925661,1624.73934,5.0,146.190431,0
2025-01-09 21:00:00,M0010,SN-000214,M,298.031661,307.701144,1220.71663,71.523433,155.943065,1
2025-01-09 22:00:00,M0010,SN-000215,M,298.344654,306.134755,1434.234702,74.197686,169.361416,0
2025-01-09 23:00:00,M0010,SN-000216,M,301.005516,,1442.634194,18.69603,176.302983,0
2025-01-10 00:00:00,M0010,SN-000217,M,300.076231,310.146961,1818.260662,85.0,197.314829,1
2025-01-10 01:00:00,M0010,SN-000218,M,301.674796,311.037263,1704.152323,64.887257,211.461111,1
2025-01-10 02:00:00,M0010,SN-000219,M,298.690989,306.770023,1682.108811,64.278475,219.871858,0
2025-01-10 03:00:00,M0010,SN-000220,M,297.608115,308.784883,2016.895688,40.700555,225.913372,0
2025-01-10 04:00:00,M0011,SN-000221,H,298.552282,306.891304,1918.956376,34.569346,0.0,0
2025-01-10 05:00:00,M0011,SN-000222,H,299.484994,308.533155,1910.616755,34.764779,18.15389,0
2025-01-10 06:00:00,M0011,SN-000223,H,299.353147,308.756517,1943.43996,49.763265,33.773829,0
2025-01-10 07:00:00,M0011,SN-000224,H,296.831224,304.901725,2015.647134,75.029657,41.156467,0
2025-01-10 08:00:00,M0011,SN-000225,H,299.18098,308.887684,1200.0,44.532855,40.962861,0
2025-01-10 09:00:00,M0011,SN-000226,H,299.456457,307.656278,1672.446612,17.213909,65.390355,0
2025-01-10 10:00:00,M0011,SN-000227,H,304.034948,312.417491,1200.0,60.610677,78.884238,1
2025-01-10 11:00:00,M0011,SN-000228,H,302.753689,313.797653,1812.620974,63.028769,96.47053,1
2025-01-10 12:00:00,M0011,SN-000229,H,297.293513,304.732634,1798.37846,56.366488,88.991121,1
2025-01-10 13:00:00,M0011,SN-000230,H,298.425233,303.806063,2165.936296,58.637473,106.188363,0
2025-01-10 14:00:00,M0011,SN-000231,H,296.073116,307.489521,2215.672037,33.226797,125.978176,0
2025-01-10 15:00:00,M0011,SN-000232,H,297.818586,310.642578,1870.971267,16.775271,132.459281,0
2025-01-10 16:00:00,M0011,SN-000233,H,299.63121,308.023306,1624.873623,18.295164,135.061379,0
2025-01-10 17:00:00,M0011,SN-000234,H,301.411707,307.50645,1969.806389,5.0,159.31693,0
2025-01-10 18:00:00,M0011,SN-000235,H,297.541832,306.076106,1615.228827,45.923715,172.629293,0
2025-01-10 19:00:00,M0011,SN-000236,H,297.691707,306.262373,1799.512572,37.91378,180.703703,0
2025-01-10 20:00:00,M0011,SN-000237,H,294.705422,303.420536,2145.147711,29.000307,193.756679,0
2025-01-10 21:00:00,M0011,SN-000238,H,298.674668,306.004586,1604.780029,5.0,201.930353,0
2025-01-10 22:00:00,M0011,SN-000239,H,296.875171,306.744513,2081.987524,8.817063,227.826231,0
2025-01-10 23:00:00,M0011,SN-000240,H,297.941121,307.727882,2037.090479,68.021016,220.794463,0
2025-01-11 00:00:00,M0012,SN-000241,L,297.246278,304.00467,1465.822864,23.38435,0.0,0
2025-01-11 01:00:00,M0012,SN-000242,L,298.811475,308.86027,2140.862945,49.014792,12.087884,0
2025-01-11 02:00:00,M0012,SN-000243,L,,307.563571,2044.498221,5.232864,31.031632,0
2025-01-11 03:00:00,M0012,SN-000244,L,296.06591,305.32385,1835.674061,75.967637,24.021015,0
2025-01-11 04:00:00,M0012,SN-000245,L,303.258494,311.752506,1533.18679,36.399308,37.517626,0
2025-01-11 05:00:00,M0012,SN-000246,L,296.425155,305.21215,1499.277893,47.25101,43.698172,0
2025-01-11 06:00:00,M0012,SN-000247,L,296.806429,306.729314,1611.818098,85.0,72.261562,0
2025-01-11 07:00:00,M0012,SN-000248,L,302.673827,309.07782,1989.908062,77.911003,75.053553,1
2025-01-11 08:00:00,M0012,SN-000249,L,,314.05672,1465.531191,32.335859,92.923599,0
2025-01-11 09:00:00,M0012,SN-000250,L,,305.071171,1953.129287,25.169495,113.291026,0
2025-01-11 10:00:00,M0012,SN-000251,L,298.263502,310.03524,1365.385565,31.861375,114.867658,0
2025-01-11 11:00:00,M0012,SN-000252,L,299.683111,308.421852,1728.575995,52.747456,133.850256,0
2025-01-11 12:00:00,M0012,SN-000253,L,302.457395,313.959227,1838.376714,37.369397,141.605297,1
2025-01-11 13:00:00,M0012,SN-000254,L,297.026286,304.370675,2655.795551,30.118896,161.376915,0
2025-01-11 14:00:00,M0012,SN-000255,L,298.509444,308.390333,1317.939521,76.679531,171.801025,1
2025-01-11 15:00:00,M0012,SN-000256,L,300.554675,310.033776,2315.205098,37.144753,174.46453,0
2025-01-11 16:00:00,M0012,SN-000257,L,299.869532,307.565961,1852.444845,85.0,,1
2025-01-11 17:00:00,M0012,SN-000258,L,298.247688,307.513782,1943.910171,42.268564,212.349947,0
2025-01-11 18:00:00,M0012,SN-000259,L,298.732354,309.551132,1841.42177,84.63296,219.147015,1
2025-01-11 19:00:00,M0012,SN-000260,L,296.250208,304.764521,1955.654386,48.932986,216.824304,0
2025-01-11 20:00:00,M0013,SN-000261,M,298.523653,304.985709,1746.210213,64.074014,5.244944,0
2025-01-11 21:00:00,M0013,SN-000262,M,298.467225,307.440881,2308.917564,21.884724,3.323115,0
2025-01-11 22:00:00,M0013,SN-000263,M,,307.110705,1640.2351,18.656019,35.300105,0
2025-01-11 23:00:00,M0013,SN-000264,M,297.889346,306.375834,2196.2821,51.492649,44.192791,0
2025-01-12 00:00:00,M0013,SN-000265,M,299.943077,308.820695,1574.471508,64.713831,50.319084,0
2025-01-12 01:00:00,M0013,SN-000266,M,301.025432,307.466953,1778.911854,41.006413,61.257863,0
2025-01-12 02:00:00,M0013,SN-000267,M,299.310859,305.887371,1424.813107,7.840167,70.327742,0
2025-01-12 03:00:00,M0013,SN-000268,M,299.703513,309.426613,1959.258302,5.993541,89.428192,0
2025-01-12 04:00:00,M0013,SN-000269,M,299.106311,307.322233,2305.794085,5.0,93.033775,0
2025-01-12 05:00:00,M0013,SN-000270,M,299.000169,304.153052,1772.925337,5.0,109.884559,0
2025-01-12 06:00:00,M0013,SN-000271,M,297.556884,307.73415,1731.090005,42.737134,126.975475,0
2025-01-12 07:00:00,M0013,SN-000272,M,299.632989,309.041543,1409.884063,68.126098,127.505548,0
2025-01-12 08:00:00,M0013,SN-000273,M,298.805427,306.734615,1719.747571,39.664605,139.070458,0
2025-01-12 09:00:00,M0013,SN-000274,M,303.186337,310.211091,1242.522009,5.0,146.445076,0
2025-01-12 10:00:00,M0013,SN-000275,M,302.14671,312.400422,1480.492705,35.230988,159.484218,0
2025-01-12 11:00:00,M0013,SN-000276,M,299.771693,309.295719,1879.375116,35.930025,165.372838,0
2025-01-12 12:00:00,M0013,SN-000277,M,297.473886,310.047789,2261.654619,85.0,197.83863,1
2025-01-12 13:00:00,M0013,SN-000278,M,296.775177,306.40546,2783.223801,5.0,218.471316,1
2025-01-12 14:00:00,M0013,SN-000279,M,301.382286,310.963841,1594.69522,30.23306,227.402632,0
2025-01-12 15:00:00,M0013,SN-000280,M,299.525498,308.275107,2302.355055,82.646317,214.991324,0
2025-01-12 16:00:00,M0014,SN-000281,H,299.960287,310.185451,1885.313368,51.249459,5.798837,1
2025-01-12 17:00:00,M0014,SN-000282,H,295.510828,305.448456,1747.063324,54.082827,23.376851,0
2025-01-12 18:00:00,M0014,SN-000283,H,300.854877,311.732464,1951.408058,42.864611,20.34552,1
2025-01-12 19:00:00,M0014,SN-000284,H,299.908841,308.126856,1821.670769,48.248588,36.811579,0
2025-01-12 20:00:00,M0014,SN-000285,H,296.779139,305.126027,1838.638504,59.440238,31.936856,0
2025-01-12 21:00:00,M0014,SN-000286,H,298.05695,306.338296,1657.083393,19.762842,62.133889,0
2025-01-12 22:00:00,M0014,SN-000287,H,299.527434,309.713637,1310.661619,61.951464,63.491522,0
2025-01-12 23:00:00,M0014,SN-000288,H,299.104934,310.352495,1259.731179,5.674925,85.59708,0
2025-01-13 00:00:00,M0014,SN-000289,H,298.415658,306.727397,2028.635709,48.209199,,0
2025-01-13 01:00:00,M0014,SN-000290,H,298.793023,307.155863,1703.154968,44.468524,112.342866,0
2025-01-13 02:00:00,M0014,SN-000291,H,298.496045,307.967161,1591.368885,24.592673,128.196101,0
2025-01-13 03:00:00,M0014,SN-000292,H,299.305125,307.936483,1802.976969,39.432868,125.734561,0
2025-01-13 04:00:00,M0014,SN-000293,H,301.942984,312.371064,2078.226289,24.436496,134.904619,1
2025-01-13 05:00:00,M0014,SN-000294,H,293.866683,299.489017,1863.12738,13.207467,138.751816,0
2025-01-13 06:00:00,M0014,SN-000295,H,298.526299,306.286242,1570.380772,31.159631,165.868692,0
2025-01-13 07:00:00,M0014,SN-000296,H,299.353025,307.1794,2229.202534,12.400284,175.347249,0
2025-01-13 08:00:00,M0014,SN-000297,H,299.591988,305.111454,2352.714926,48.069937,179.591845,1
2025-01-13 09:00:00,M0014,SN-000298,H,298.256171,305.810713,1973.094829,11.247863,207.62415,0
2025-01-13 10:00:00,M0014,SN-000299,H,295.486556,303.113822,2140.782229,57.799426,212.400237,0
2025-01-13 11:00:00,M0014,SN-000300,H,299.655991,308.354334,2234.685999,10.463023,219.394112,0
2025-01-13 12:00:00,M0015,SN-000301,L,302.4547,313.124149,2195.534761,25.842627,0.0,0
2025-01-13 13:00:00,M0015,SN-000302,L,295.932277,304.564686,2014.934712,24.384915,20.570436,0
2025-01-13 14:00:00,M0015,SN-000303,L,300.727656,308.181435,2009.421466,73.128668,28.823496,0
2025-01-13 15:00:00,M0015,SN-000304,L,298.34295,307.257518,1981.881201,48.257249,34.959792,0
2025-01-13 16:00:00,M0015,SN-000305,L,298.877351,309.451112,1415.931814,34.706655,52.95284,0
2025-01-13 17:00:00,M0015,SN-000306,L,296.894203,304.430265,2045.253105,52.467986,50.712704,0
2025-01-13 18:00:00,M0015,SN-000307,L,298.331088,305.965225,1325.46511,5.0,72.258961,0
2025-01-13 19:00:00,M0015,SN-000308,L,301.600089,311.437913,1521.890191,38.92166,85.178579,0
2025-01-13 20:00:00,M0015,SN-000309,L,300.16531,308.833006,2256.247774,85.0,92.241308,1
2025-01-13 21:00:00,M0015,SN-000310,L,302.464623,312.43585,2094.077057,43.308663,111.483667,1
2025-01-13 22:00:00,M0015,SN-000311,L,301.354824,310.334354,2320.589401,41.697829,113.756532,1
2025-01-13 23:00:00,M0015,SN-000312,L,,309.930669,1704.913966,53.703209,136.078566,0
2025-01-14 00:00:00,M0015,SN-000313,L,302.487869,309.935252,1396.712906,62.390131,148.41487,1
2025-01-14 01:00:00,M0015,SN-000314,L,299.877986,308.859859,1715.846981,5.0,132.662721,0
2025-01-14 02:00:00,M0015,SN-000315,L,300.655976,309.339941,1835.710954,5.0,177.522446,0
2025-01-14 03:00:00,M0015,SN-000316,L,298.406858,305.583022,1827.646051,45.257282,155.618939,0
2025-01-14 04:00:00,M0015,SN-000317,L,299.133092,,2196.788168,22.128086,187.071608,0
2025-01-14 05:00:00,M0015,SN-000318,L,297.605152,307.633776,1673.555351,72.800632,212.202784,0
2025-01-14 06:00:00,M0015,SN-000319,L,300.979168,309.452739,1923.212065,32.12064,213.461706,1
2025-01-14 07:00:00,M0015,SN-000320,L,296.643393,304.109972,1453.980498,5.0,,0
2025-01-14 08:00:00,M0016,SN-000321,M,300.564701,309.420432,1957.611047,8.299652,0.0,0
2025-01-14 09:00:00,M0016,SN-000322,M,298.618698,309.310726,1801.087993,5.0,20.215246,0
2025-01-14 10:00:00,M0016,SN-000323,M,301.342494,306.921387,1537.565332,34.146862,8.627964,0
2025-01-14 11:00:00,M0016,SN-000324,M,300.501738,307.25678,1717.459723,35.290397,45.031929,0
2025-01-14 12:00:00,M0016,SN-000325,M,302.641292,310.256963,1735.538489,29.388432,47.559183,0
2025-01-14 13:00:00,M0016,SN-000326,M,300.461549,311.653318,1705.445705,66.971976,50.460837,1
2025-01-14 14:00:00,M0016,SN-000327,M,295.855919,305.2798,2419.969435,69.962996,67.335079,0
2025-01-14 15:00:00,M0016,SN-000328,M,298.866094,309.01707,1765.543899,35.740289,75.862205,0
2025-01-14 16:00:00,M0016,SN-000329,M,296.655986,303.945744,1714.636361,5.0,102.929802,0
2025-01-14 17:00:00,M0016,SN-000330,M,297.96344,305.284137,1200.0,55.43204,113.859422,0
2025-01-14 18:00:00,M0016,SN-000331,M,302.022457,311.694177,1487.027427,53.884006,106.246711,0
2025-01-14 19:00:00,M0016,SN-000332,M,300.275068,309.362479,1707.924301,47.734789,128.771263,0
2025-01-14 20:00:00,M0016,SN-000333,M,297.602139,307.425247,1559.951563,64.536994,137.094515,0
2025-01-14 21:00:00,M0016,SN-000334,M,296.972565,305.691059,2283.597658,10.879298,166.34808,0
2025-01-14 22:00:00,M0016,SN-000335,M,299.065564,308.48278,1742.271779,85.0,157.199207,0
2025-01-14 23:00:00,M0016,SN-000336,M,296.56688,305.804058,2250.955487,16.014306,192.833833,0
2025-01-15 00:00:00,M0016,SN-000337,M,297.657719,307.824371,1821.596622,58.730573,191.733642,1
2025-01-15 01:00:00,M0016,SN-000338,M,299.624019,309.834531,1813.029743,5.0,194.704525,0
2025-01-15 02:00:00,M0016,SN-000339,M,301.310624,307.880816,1768.921243,16.743383,210.581807,0
2025-01-15 03:00:00,M0016,SN-000340,M,300.217523,305.84662,1801.328688,77.909216,221.587049,1
2025-01-15 04:00:00,M0017,SN-000341,H,294.417421,304.920039,2401.578251,33.477504,0.0,0
2025-01-15 05:00:00,M0017,SN-000342,H,299.608733,310.390321,1200.0,60.998065,12.758615,0
2025-01-15 06:00:00,M0017,SN-000343,H,299.144067,306.613133,1200.0,45.923885,14.176676,0
2025-01-15 07:00:00,M0017,SN-000344,H,299.827781,306.038027,1609.890209,37.376046,18.55707,0
2025-01-15 08:00:00,M0017,SN-000345,H,302.232419,311.380972,1805.084759,74.096258,44.962588,1
2025-01-15 09:00:00,M0017,SN-000346,H,294.873523,305.269781,2041.536549,34.083529,45.57715,0
2025-01-15 10:00:00,M0017,SN-000347,H,297.817793,309.514185,1965.580519,5.0,65.982713,0
2025-01-15 11:00:00,M0017,SN-000348,H,300.181813,309.956259,1665.51393,19.918998,76.727177,0
2025-01-15 12:00:00,M0017,SN-000349,H,295.836811,304.279236,2156.665293,53.779793,89.030271,1
2025-01-15 13:00:00,M0017,SN-000350,H,301.951898,309.612202,2160.568391,49.887728,124.007705,1
2025-01-15 14:00:00,M0017,SN-000351,H,299.736713,308.75389,1864.420241,5.0,120.451293,0
2025-01-15 15:00:00,M0017,SN-000352,H,300.693168,309.244271,2136.93015,21.891437,133.962968,0
2025-01-15 16:00:00,M0017,SN-000353,H,297.858113,305.335511,1895.425842,25.456966,129.788814,0
2025-01-15 17:00:00,M0017,SN-000354,H,300.627527,312.700661,1603.480941,30.86326,150.768295,0
2025-01-15 18:00:00,M0017,SN-000355,H,301.136943,312.814696,2044.235894,5.60216,169.722421,0
2025-01-15 19:00:00,M0017,SN-000356,H,299.465756,310.169829,1838.714593,24.290722,171.803769,0
2025-01-15 20:00:00,M0017,SN-000357,H,299.468802,307.087526,1800.468946,21.784738,199.264503,0
2025-01-15 21:00:00,M0017,SN-000358,H,299.540686,309.823215,2315.53375,59.288331,194.378427,1
2025-01-15 22:00:00,M0017,SN-000359,H,297.273309,307.232749,1200.0,60.228033,213.709071,1
2025-01-15 23:00:00,M0017,SN-000360,H,298.704943,308.368761,1303.81054,36.354739,223.311587,0
2025-01-16 00:00:00,M0018,SN-000361,L,298.694955,309.569453,1384.525351,30.199005,1.314565,0
2025-01-16 01:00:00,M0018,SN-000362,L,299.766788,309.719844,1672.858773,43.498108,6.876079,0
2025-01-16 02:00:00,M0018,SN-000363,L,300.999648,311.10967,1710.887141,19.585622,21.832851,0
2025-01-16 03:00:00,M0018,SN-000364,L,296.882928,306.838287,1272.436023,11.329198,34.110959,0
2025-01-16 04:00:00,M0018,SN-000365,L,298.749982,308.261169,1455.194689,16.49447,42.124898,0
2025-01-16 05:00:00,M0018,SN-000366,L,301.962911,308.287494,1498.705413,24.129671,63.880751,0
2025-01-16 06:00:00,M0018,SN-000367,L,297.512824,306.638255,2660.098432,10.913155,73.907107,1
2025-01-16 07:00:00,M0018,SN-000368,L,297.3555,305.521212,2430.609682,44.051489,83.291088,0
2025-01-16 08:00:00,M0018,SN-000369,L,299.404612,306.484851,1655.887704,58.242892,92.556333,0
2025-01-16 09:00:00,M0018,SN-000370,L,300.68877,312.211495,1672.745848,5.0,114.372352,0
2025-01-16 10:00:00,M0018,SN-000371,L,299.022852,310.616345,1397.778601,40.628218,118.113326,0
2025-01-16 11:00:00,M0018,SN-000372,L,301.657921,312.696752,1200.0,34.501605,129.546422,0
2025-01-16 12:00:00,M0018,SN-000373,L,300.713588,310.096408,1759.091935,48.537717,144.83752,0
2025-01-16 13:00:00,M0018,SN-000374,L,300.68364,311.709578,1450.751806,39.676531,169.572693,1
2025-01-16 14:00:00,M0018,SN-000375,L,300.108233,309.126313,1770.302314,5.0,157.27715,0
2025-01-16 15:00:00,M0018,SN-000376,L,303.655306,312.959502,1239.927953,8.440268,186.158855,0
2025-01-16 16:00:00,M0018,SN-000377,L,298.589677,305.94947,1533.30894,40.735589,176.854631,0
2025-01-16 17:00:00,M0018,SN-000378,L,294.992955,304.588442,1852.019483,65.719523,205.738185,0
2025-01-16 18:00:00,M0018,SN-000379,L,,311.299088,1928.173359,5.0,228.600663,0
2025-01-16 19:00:00,M0018,SN-000380,L,298.084601,305.130623,1946.115186,48.643164,231.909348,0
2025-01-16 20:00:00,M0019,SN-000381,M,299.215761,308.138965,1337.828856,69.74055,1.365001,0
2025-01-16 21:00:00,M0019,SN-000382,M,301.619101,310.499507,2099.140006,36.174353,7.516404,1
2025-01-16 22:00:00,M0019,SN-000383,M,295.795481,307.491823,1519.925906,53.755062,24.248378,0
2025-01-16 23:00:00,M0019,SN-000384,M,296.496706,306.838026,2021.50027,22.423273,33.983497,0
2025-01-17 00:00:00,M0019,SN-000385,M,295.797444,304.814612,1796.276463,37.015845,41.712187,0
2025-01-17 01:00:00,M0019,SN-000386,M,297.411727,306.784908,1318.264375,5.0,57.680995,0
2025-01-17 02:00:00,M0019,SN-000387,M,299.879273,308.945592,1689.330803,5.0,73.587049,0
2025-01-17 03:00:00,M0019,SN-000388,M,300.048376,308.744005,1927.87731,63.569145,77.862263,1
2025-01-17 04:00:00,M0019,SN-000389,M,299.552548,306.928908,2014.537883,15.375127,89.549745,0
2025-01-17 05:00:00,M0019,SN-000390,M,296.174468,304.94789,1750.654236,28.611804,97.118052,0
2025-01-17 06:00:00,M0019,SN-000391,M,294.379793,302.260646,2336.122612,5.338944,123.1258,0
2025-01-17 07:00:00,M0019,SN-000392,M,299.108707,306.233234,2152.62877,5.0,136.362586,0
2025-01-17 08:00:00,M0019,SN-000393,M,298.056448,307.823281,1710.171059,35.654057,145.853284,0
2025-01-17 09:00:00,M0019,SN-000394,M,299.918772,309.505669,2062.542634,21.76057,163.721364,0
2025-01-17 10:00:00,M0019,SN-000395,M,300.403907,306.723846,2476.82772,49.449275,168.702941,0
2025-01-17 11:00:00,M0019,SN-000396,M,299.276483,308.092456,2486.16961,51.31346,183.136087,0
2025-01-17 12:00:00,M0019,SN-000397,M,300.520266,311.013818,1370.200042,48.021241,194.430699,0
2025-01-17 13:00:00,M0019,SN-000398,M,299.458423,310.047258,1475.713411,45.96502,203.26768,0
2025-01-17 14:00:00,M0019,SN-000399,M,300.060129,310.598885,2319.721575,79.444205,211.753425,1
2025-01-17 15:00:00,M0019,SN-000400,M,297.590653,306.649023,1429.601632,13.310156,245.713221,0
2025-01-01 00:00:00,M0000,SN-000001,L,299.609434,308.340017,1504.234135,6.936472,0.0,0
